artifact_id,commit,timestamp,path,change_type,rename_from,rename_to,evidence,ambiguity
F001,6627f7ad8,2002-07-19,src/java/org/apache/commons/lang/StringUtils.java,added,,,Mensaje de commit: 'Initial copy from jakarta-commons-sandbox',no
F001,debc02c6d,2009-12-10,src/java/org/apache/commons/lang3/StringUtils.java,renamed,src/java/org/apache/commons/lang/StringUtils.java,src/java/org/apache/commons/lang3/StringUtils.java,R100 en 'git log --follow --name-status'; mensaje cita ticket JIRA LANG-563,no
F001,fc5c081e2,2010-01-03,src/main/java/org/apache/commons/lang3/StringUtils.java,moved,src/java/org/apache/commons/lang3/StringUtils.java,src/main/java/org/apache/commons/lang3/StringUtils.java,R100 + mensaje 'Move main source to src/main/java',no
F002,d31f3d3f8,2002-10-13,src/java/org/apache/commons/lang/ArrayUtils.java,added,,,"Mensaje de commit: 'Initial version of ArrayUtils, includes toMap'",no
F002,debc02c6d,2009-12-10,src/java/org/apache/commons/lang3/ArrayUtils.java,renamed,src/java/org/apache/commons/lang/ArrayUtils.java,src/java/org/apache/commons/lang3/ArrayUtils.java,R100 en 'git log --follow --name-status'; mensaje cita ticket JIRA LANG-563,no
F002,fc5c081e2,2010-01-03,src/main/java/org/apache/commons/lang3/ArrayUtils.java,moved,src/java/org/apache/commons/lang3/ArrayUtils.java,src/main/java/org/apache/commons/lang3/ArrayUtils.java,R100 + mensaje 'Move main source to src/main/java',no
F003,6627f7ad8,2002-07-19,src/java/org/apache/commons/lang/ObjectUtils.java,added,,,Mensaje de commit: 'Initial copy from jakarta-commons-sandbox' (mismo commit fundacional que StringUtils),no
F003,debc02c6d,2009-12-10,src/java/org/apache/commons/lang3/ObjectUtils.java,renamed,src/java/org/apache/commons/lang/ObjectUtils.java,src/java/org/apache/commons/lang3/ObjectUtils.java,R100 en 'git log --follow --name-status'; mensaje cita ticket JIRA LANG-563,no
F003,fc5c081e2,2010-01-03,src/main/java/org/apache/commons/lang3/ObjectUtils.java,moved,src/java/org/apache/commons/lang3/ObjectUtils.java,src/main/java/org/apache/commons/lang3/ObjectUtils.java,R100 + mensaje 'Move main source to src/main/java',no
F004,f7c60dc9f,2002-08-14,src/java/org/apache/commons/lang/ClassUtils.java,added,,,Mensaje de commit: 'Checked back in for consideration in 1.0',no
F004,debc02c6d,2009-12-10,src/java/org/apache/commons/lang3/ClassUtils.java,renamed,src/java/org/apache/commons/lang/ClassUtils.java,src/java/org/apache/commons/lang3/ClassUtils.java,R100 en 'git log --follow --name-status'; mensaje cita ticket JIRA LANG-563,no
F004,fc5c081e2,2010-01-03,src/main/java/org/apache/commons/lang3/ClassUtils.java,moved,src/java/org/apache/commons/lang3/ClassUtils.java,src/main/java/org/apache/commons/lang3/ClassUtils.java,R100 + mensaje 'Move main source to src/main/java',no
F005,6627f7ad8,2002-07-19,src/java/org/apache/commons/lang/math/NumberUtils.java,added,,,Mensaje de commit: 'Initial copy from jakarta-commons-sandbox' (mismo commit fundacional que StringUtils),no
F005,debc02c6d,2009-12-10,src/java/org/apache/commons/lang3/math/NumberUtils.java,renamed,src/java/org/apache/commons/lang/math/NumberUtils.java,src/java/org/apache/commons/lang3/math/NumberUtils.java,R100 en 'git log --follow --name-status'; mensaje cita ticket JIRA LANG-563,no
F005,fc5c081e2,2010-01-03,src/main/java/org/apache/commons/lang3/math/NumberUtils.java,moved,src/java/org/apache/commons/lang3/math/NumberUtils.java,src/main/java/org/apache/commons/lang3/math/NumberUtils.java,R100 + mensaje 'Move main source to src/main/java',no
F006,870097e4b,2002-10-24,src/java/org/apache/commons/lang/reflect/MethodUtils.java,added,,,Mensaje de commit: 'Initial checkin of reflection code (not all working)',no
F006,debc02c6d,2009-12-10,src/java/org/apache/commons/lang3/reflect/MethodUtils.java,renamed,src/java/org/apache/commons/lang/reflect/MethodUtils.java,src/java/org/apache/commons/lang3/reflect/MethodUtils.java,R100 en 'git log --follow --name-status'; mensaje cita ticket JIRA LANG-563,no
F006,fc5c081e2,2010-01-03,src/main/java/org/apache/commons/lang3/reflect/MethodUtils.java,moved,src/java/org/apache/commons/lang3/reflect/MethodUtils.java,src/main/java/org/apache/commons/lang3/reflect/MethodUtils.java,R100 + mensaje 'Move main source to src/main/java',no
F007,cc340ad2e,2012-01-26,src/main/java/org/apache/commons/lang3/time/FastDateParser.java,added,,,Mensaje de commit: 'Applying Chas Honton implementation of DateParser ... See LANG-462'. Nace despues de las migraciones -> sin renames,no
F008,e5aa6d084,2024-07-11,src/main/java/org/apache/commons/lang3/AppendableJoiner.java,added,,,Mensaje de commit: 'Refactor string joining into AppendableJoiner (#1244)'. Nace despues de las migraciones -> sin renames,no
F009,25f7d8517,2025-01-19,src/main/java/org/apache/commons/lang3/util/IterableStringTokenizer.java,added,,,Mensaje de commit: 'Add IterableStringTokenizer'. Nace despues de las migraciones -> sin renames,no
F010,5afd54ce6,2021-08-29,src/main/java/org/apache/commons/lang3/concurrent/AbstractFutureProxy.java,added,,,Mensaje de commit: 'Add UncheckedFuture.' (el mensaje no nombra el archivo; identidad confirmada por --follow). Sin renames,no
