artifact_id,decision_time,path,prior_commits,lines_added,lines_deleted,churn,days_since_last_change,distinct_contributors
F001,2025-11-12,src/main/java/org/apache/commons/lang3/StringUtils.java,716,30605,21395,52000,10,93
F002,2025-11-12,src/main/java/org/apache/commons/lang3/ArrayUtils.java,314,44265,34680,78945,48,42
F003,2025-11-12,src/main/java/org/apache/commons/lang3/ClassUtils.java,208,5763,4138,9901,55,27
F004,2025-11-12,src/main/java/org/apache/commons/lang3/math/NumberUtils.java,185,10370,8564,18934,67,35
F005,2025-11-12,src/main/java/org/apache/commons/lang3/ObjectUtils.java,185,3582,2233,5815,40,30
F006,2025-11-12,src/main/java/org/apache/commons/lang3/exception/ExceptionUtils.java,175,3624,2535,6159,48,26
F007,2025-11-12,src/main/java/org/apache/commons/lang3/SystemUtils.java,174,6607,4149,10756,22,23
F008,2025-11-12,src/main/java/org/apache/commons/lang3/time/FastDateParser.java,171,3528,2399,5927,5,21
F009,2025-11-12,src/main/java/org/apache/commons/lang3/time/DateUtils.java,171,5603,3735,9338,48,26
F010,2025-11-12,src/main/java/org/apache/commons/lang3/time/FastDatePrinter.java,162,6235,4670,10905,17,25
F011,2025-11-12,src/main/java/org/apache/commons/lang3/time/TimeZones.java,33,257,169,426,5,10
F012,2025-11-12,src/main/java/org/apache/commons/lang3/text/translate/EntityArrays.java,33,769,292,1061,48,13
F013,2025-11-12,src/main/java/org/apache/commons/lang3/Streams.java,33,1190,632,1822,48,7
F014,2025-11-12,src/main/java/org/apache/commons/lang3/tuple/MutableTriple.java,32,354,184,538,35,9
F015,2025-11-12,src/main/java/org/apache/commons/lang3/text/translate/OctalUnescaper.java,32,186,106,292,48,9
F016,2025-11-12,src/main/java/org/apache/commons/lang3/text/translate/NumericEntityEscaper.java,32,353,233,586,48,9
F017,2025-11-12,src/main/java/org/apache/commons/lang3/mutable/Mutable.java,32,196,130,326,54,10
F018,2025-11-12,src/main/java/org/apache/commons/lang3/function/IntToCharFunction.java,32,234,191,425,176,9
F019,2025-11-12,src/main/java/org/apache/commons/lang3/function/FailableShortSupplier.java,32,210,172,382,176,9
F020,2025-11-12,src/main/java/org/apache/commons/lang3/function/ByteSupplier.java,32,214,178,392,64,9
F021,2025-11-12,src/main/java/org/apache/commons/lang3/concurrent/UncheckedFutureImpl.java,5,88,24,112,176,2
F022,2025-11-12,src/main/java/org/apache/commons/lang3/compare/ObjectToStringComparator.java,5,83,4,87,49,2
F023,2025-11-12,src/main/java/org/apache/commons/lang3/CachedRandomBits.java,5,167,30,197,153,3
F024,2025-11-12,src/main/java/org/apache/commons/lang3/function/Predicates.java,4,69,7,76,131,2
F025,2025-11-12,src/main/java/org/apache/commons/lang3/concurrent/UncheckedFuture.java,4,106,6,112,176,2
F026,2025-11-12,src/main/java/org/apache/commons/lang3/DoubleRange.java,4,111,2,113,57,3
F027,2025-11-12,src/main/java/org/apache/commons/lang3/Charsets.java,4,72,3,75,176,2
F028,2025-11-12,src/main/java/org/apache/commons/lang3/concurrent/AbstractFutureProxy.java,3,104,26,130,176,2
F029,2025-11-12,src/main/java/org/apache/commons/lang3/AppendableJoiner.java,3,318,5,323,84,2
F030,2025-11-12,src/main/java/org/apache/commons/lang3/util/IterableStringTokenizer.java,2,115,1,116,176,2
