event_id,commit,timestamp,refactoring_type,file_before,file_after,classification,evidence,notes
A001,df3e2715f,14/10/2025,Extract And Move Method,src/main/java/org/apache/commons/lang3/concurrent/TimedSemaphore.java,src/main/java/org/apache/commons/lang3/concurrent/TimedSemaphore.java,STRUCTURAL_REFACTORING,Extract And Move Method public setLimit(limit int) : Builder extracted from public TimedSemaphore(se,
A002,df3e2715f,14/10/2025,Extract And Move Method,src/main/java/org/apache/commons/lang3/concurrent/TimedSemaphore.java,src/main/java/org/apache/commons/lang3/concurrent/TimedSemaphore.java,STRUCTURAL_REFACTORING,Extract And Move Method public setPeriod(period long) : Builder extracted from public TimedSemaphore,
A003,df3e2715f,14/10/2025,Extract And Move Method,src/main/java/org/apache/commons/lang3/concurrent/TimedSemaphore.java,src/main/java/org/apache/commons/lang3/concurrent/TimedSemaphore.java,STRUCTURAL_REFACTORING,Extract And Move Method public setService(service ScheduledExecutorService) : Builder extracted from,
A004,c9ff6aa44,07/11/2025,Extract And Move Method,src/test/java/org/apache/commons/lang3/time/FastDateParserTest.java,src/main/java/org/apache/commons/lang3/time/TimeZones.java,STRUCTURAL_REFACTORING,Extract And Move Method public getTimeZone(id String) : TimeZone extracted from package testLang1121,
A005,c9ff6aa44,07/11/2025,Extract And Move Method,src/test/java/org/apache/commons/lang3/time/FastDateParserTest.java,src/main/java/org/apache/commons/lang3/time/TimeZones.java,STRUCTURAL_REFACTORING,Extract And Move Method public getTimeZone(id String) : TimeZone extracted from package testLang538(,
A006,c9ff6aa44,07/11/2025,Extract And Move Method,src/test/java/org/apache/commons/lang3/time/FastDateParserTest.java,src/main/java/org/apache/commons/lang3/time/TimeZones.java,STRUCTURAL_REFACTORING,Extract And Move Method public getTimeZone(id String) : TimeZone extracted from package testParseZon,
A007,800f16d63,29/09/2025,Add Parameter Modifier,src/main/java/org/apache/commons/lang3/builder/ToStringStyle.java,src/main/java/org/apache/commons/lang3/builder/ToStringStyle.java,AMBIGUOUS,Add Parameter Modifier final in parameter arrayEnd : String in method protected setArrayEnd(arrayEnd,Hace el parametro a Final y simplifica la condicion logica del null para mas de un metodo/Deduplicación (quitar código repetido usando una utilidad que ya existía)
A008,800f16d63,29/09/2025,Add Parameter Modifier,src/main/java/org/apache/commons/lang3/builder/ToStringStyle.java,src/main/java/org/apache/commons/lang3/builder/ToStringStyle.java,AMBIGUOUS,Add Parameter Modifier final in parameter arraySeparator : String in method protected setArraySepara,Hace el parametro a Final y simplifica la condicion logica del null para mas de un metodo/Deduplicación (quitar código repetido usando una utilidad que ya existía)
A009,800f16d63,29/09/2025,Add Parameter Modifier,src/main/java/org/apache/commons/lang3/builder/ToStringStyle.java,src/main/java/org/apache/commons/lang3/builder/ToStringStyle.java,AMBIGUOUS,Add Parameter Modifier final in parameter arrayStart : String in method protected setArrayStart(arra,Hace el parametro a Final y simplifica la condicion logica del null para mas de un metodo/Deduplicación (quitar código repetido usando una utilidad que ya existía)
A010,800f16d63,29/09/2025,Add Parameter Modifier,src/main/java/org/apache/commons/lang3/builder/ToStringStyle.java,src/main/java/org/apache/commons/lang3/builder/ToStringStyle.java,AMBIGUOUS,Add Parameter Modifier final in parameter contentEnd : String in method protected setContentEnd(cont,Hace el parametro a Final y simplifica la condicion logica del null para mas de un metodo/Deduplicación (quitar código repetido usando una utilidad que ya existía)
A011,04cc0339d,05/10/2025,Extract Method,src/main/java/org/apache/commons/lang3/LocaleUtils.java,src/main/java/org/apache/commons/lang3/LocaleUtils.java,STRUCTURAL_REFACTORING,Extract Method private isAlpha2Len(str String) : boolean extracted from private isISO3166CountryCode,
A012,04cc0339d,05/10/2025,Extract Method,src/main/java/org/apache/commons/lang3/LocaleUtils.java,src/main/java/org/apache/commons/lang3/LocaleUtils.java,STRUCTURAL_REFACTORING,Extract Method private isAlpha2Len(str String) : boolean extracted from private isISO639LanguageCode,
A013,04cc0339d,05/10/2025,Extract Method,src/main/java/org/apache/commons/lang3/LocaleUtils.java,src/main/java/org/apache/commons/lang3/LocaleUtils.java,STRUCTURAL_REFACTORING,Extract Method private isAlpha3Len(str String) : boolean extracted from private isISO639LanguageCode,
A014,04cc0339d,05/10/2025,Extract Method,src/main/java/org/apache/commons/lang3/LocaleUtils.java,src/main/java/org/apache/commons/lang3/LocaleUtils.java,STRUCTURAL_REFACTORING,Extract Method private isAlpha3Len(str String) : boolean extracted from private isNumericAreaCode(st,
A015,71c905200,24/09/2025,Extract Variable,src/test/java/org/apache/commons/lang3/compare/ObjectToStringComparatorTest.java,src/test/java/org/apache/commons/lang3/compare/ObjectToStringComparatorTest.java,STRUCTURAL_REFACTORING,Extract Variable thing : Thing in method package testNulls() : void from class org.apache.commons.la,
A016,71c905200,24/09/2025,Extract Variable,src/test/java/org/apache/commons/lang3/compare/ObjectToStringComparatorTest.java,src/test/java/org/apache/commons/lang3/compare/ObjectToStringComparatorTest.java,STRUCTURAL_REFACTORING,Extract Variable thing : Thing in method package testNullLeft() : void from class org.apache.commons,
A017,71c905200,24/09/2025,Extract Variable,src/test/java/org/apache/commons/lang3/compare/ObjectToStringComparatorTest.java,src/test/java/org/apache/commons/lang3/compare/ObjectToStringComparatorTest.java,STRUCTURAL_REFACTORING,Extract Variable thing : Thing in method package testNullRight() : void from class org.apache.common,
A018,6513eb0bb,29/09/2025,Invert Condition,src/main/java/org/apache/commons/lang3/EnumUtils.java,src/main/java/org/apache/commons/lang3/EnumUtils.java,STRUCTURAL_REFACTORING,Invert Condition if(isEnum(enumClass)) to if(!isEnum(enumClass)) in method public getFirstEnum(enumC,
A019,939150606,05/10/2025,Invert Condition,src/main/java/org/apache/commons/lang3/LocaleUtils.java,src/main/java/org/apache/commons/lang3/LocaleUtils.java,STRUCTURAL_REFACTORING,Invert Condition if(!locale.getCountry().isEmpty()) to return locale.getCountry().isEmpty(); in meth,
A020,c9ff6aa44,07/11/2025,Rename Parameter,src/test/java/org/apache/commons/lang3/time/CalendarUtilsTest.java,src/main/java/org/apache/commons/lang3/time/TimeZones.java,RENAME_MOVE_ONLY,Rename Parameter timeZoneId : String to id : String in method public getTimeZone(id String) : TimeZo,
A021,c9ff6aa44,07/11/2025,Rename Parameter,src/test/java/org/apache/commons/lang3/time/CalendarUtilsTest.java,src/main/java/org/apache/commons/lang3/time/TimeZones.java,RENAME_MOVE_ONLY,Rename Parameter timeZoneId : String to id : String in method public getTimeZone(id String) : TimeZo,
A022,7cb24c310,05/10/2025,Rename Method,src/test/java/org/apache/commons/lang3/LocaleUtilsTest.java,src/test/java/org/apache/commons/lang3/LocaleUtilsTest.java,RENAME_MOVE_ONLY,Rename Method package testToLocaleGetIso3Country() : void renamed to package testToLocaleGetIso3Coun,
A023,7cb24c310,05/10/2025,Rename Method,src/test/java/org/apache/commons/lang3/LocaleUtilsTest.java,src/test/java/org/apache/commons/lang3/LocaleUtilsTest.java,RENAME_MOVE_ONLY,Rename Method package testToLocaleGetIso3Language() : void renamed to package testToLocaleGetIso3Lan,
A024,cc5ecf5db,14/10/2025,Add Method Annotation,src/main/java/org/apache/commons/lang3/concurrent/TimedSemaphore.java,src/main/java/org/apache/commons/lang3/concurrent/TimedSemaphore.java,AMBIGUOUS,"Add Method Annotation @Deprecated in method public TimedSemaphore(timePeriod long, timeUnit TimeUnit","""@Deprecated: señal de evolución de la API (retiro de constructores en favor del builder); relevante para deuda, distinto de una anotación cosmética"". Eso enriquece tu evidencia."
A025,cc5ecf5db,14/10/2025,Add Method Annotation,src/main/java/org/apache/commons/lang3/concurrent/TimedSemaphore.java,src/main/java/org/apache/commons/lang3/concurrent/TimedSemaphore.java,AMBIGUOUS,"Add Method Annotation @Deprecated in method public TimedSemaphore(service ScheduledExecutorService, ","""@Deprecated: señal de evolución de la API (retiro de constructores en favor del builder); relevante para deuda, distinto de una anotación cosmética"". Eso enriquece tu evidencia."
A026,c9ff6aa44,07/11/2025,Parameterize Variable,src/main/java/org/apache/commons/lang3/time/FastDateParser.java,src/main/java/org/apache/commons/lang3/time/TimeZones.java,STRUCTURAL_REFACTORING,Parameterize Variable tzId : String to id : String in method public getTimeZone(id String) : TimeZon,
A027,c9ff6aa44,07/11/2025,Parameterize Variable,src/main/java/org/apache/commons/lang3/time/FastDateParser.java,src/main/java/org/apache/commons/lang3/time/TimeZones.java,STRUCTURAL_REFACTORING,Parameterize Variable tzId : String to id : String in method public getTimeZone(id String) : TimeZon,
A028,71c905200,24/09/2025,Split Method,src/test/java/org/apache/commons/lang3/compare/ObjectToStringComparatorTest.java,src/test/java/org/apache/commons/lang3/compare/ObjectToStringComparatorTest.java,STRUCTURAL_REFACTORING,"Split Method package testNull() : void to [package testNullLeft() : void, package testNulls() : void",
A029,df3e2715f,14/10/2025,Rename Variable,src/main/java/org/apache/commons/lang3/concurrent/TimedSemaphore.java,src/main/java/org/apache/commons/lang3/concurrent/TimedSemaphore.java,RENAME_MOVE_ONLY,Rename Variable s : ScheduledThreadPoolExecutor to stpe : ScheduledThreadPoolExecutor in method priv,
A030,7b77ea4cf,25/10/2025,Inline Variable,src/main/java/org/apache/commons/lang3/time/AbstractFormatCache.java,src/main/java/org/apache/commons/lang3/time/AbstractFormatCache.java,STRUCTURAL_REFACTORING,"Inline Variable pattern : String in method private getDateTimeInstance(dateStyle Integer, timeStyle ",
